"Points:0","Points:1","Points:2"
0.693261,-0.370561,0.62382
0.680941,-0.348466,0.581073
0.661909,-0.332809,0.559412
0.639908,-0.318819,0.546183
0.603436,-0.324739,0.534953
0.56192,-0.323957,0.527123
0.52742,-0.322147,0.519335
0.497213,-0.324649,0.503165
0.464373,-0.324907,0.484716
0.448095,-0.302921,0.457726
0.466488,-0.253159,0.416356
0.468515,-0.22525,0.380317
0.458716,-0.200337,0.349892
0.446683,-0.175047,0.326284
0.434704,-0.150982,0.300073
