"Points:0","Points:1","Points:2"
0.88242,-0.39288,0.25882
0.88111,-0.30927,0.22512
0.82661,-0.28308,0.31425
0.79252,-0.26948,0.32872
0.77196,-0.2714,0.28207
0.74677,-0.26108,0.25821
0.71984,-0.25701,0.23847
0.69718,-0.24657,0.2232
0.67185,-0.2373,0.20517
0.64451,-0.22883,0.19199
0.61309,-0.21937,0.18397
0.585,-0.20697,0.17783
0.55505,-0.19723,0.17378
0.52568,-0.18882,0.16528
0.49713,-0.18039,0.15686
