"Points:0","Points:1","Points:2"
-0.957604,0.274588,0.087156
-0.915942,0.239998,0.152888
-0.881879,0.222638,0.182042
-0.853264,0.228194,0.154818
-0.825929,0.230553,0.136037
-0.795619,0.227821,0.121543
-0.76394,0.225012,0.105173
-0.733375,0.217635,0.0907568
-0.702652,0.215205,0.0874362
-0.672293,0.212803,0.084155
-0.640785,0.207559,0.0746241
-0.608714,0.205698,0.0726655
-0.577524,0.203889,0.0707607
-0.541373,0.198877,0.0668908
-0.513628,0.197341,0.0606335
