"Points:0","Points:1","Points:2"
0.11542,-0.81981,-0.55712
0.076829,-0.78852,-0.5427
0.045647,-0.7515,-0.53874
0.020936,-0.72593,-0.52321
-0.045144,-0.68779,-0.52648
-0.047489,-0.67315,-0.49322
-0.025407,-0.66109,-0.46172
0.0062397,-0.64515,-0.42314
0.0055586,-0.61583,-0.40197
0.0010371,-0.59252,-0.38914
-0.0088674,-0.55244,-0.38277
-0.0082068,-0.52405,-0.37282
-0.0056967,-0.50182,-0.34934
-0.0059087,-0.479,-0.33443
-0.0062198,-0.4455,-0.31254
