"Points:0","Points:1","Points:2"
-0.471212,-0.420488,-0.775704
-0.446719,-0.388291,-0.757627
-0.439283,-0.399661,-0.715463
-0.425061,-0.390714,-0.688442
-0.407725,-0.371224,-0.668976
-0.397852,-0.346262,-0.645569
-0.384621,-0.336494,-0.622056
-0.370722,-0.331609,-0.594247
-0.355187,-0.326212,-0.562697
-0.341325,-0.321328,-0.535049
-0.325609,-0.31579,-0.503705
-0.294737,-0.376224,-0.440338
-0.272555,-0.359619,-0.420085
-0.254414,-0.332406,-0.405477
-0.266789,-0.274478,-0.404472
