"Points:0","Points:1","Points:2"
-0.467676,-0.421098,-0.777146
-0.356876,-0.291734,-0.496553
-0.300504,-0.381316,-0.429672
-0.254902,-0.333333,-0.362605
