"Points:0","Points:1","Points:2"
-0.57036,-0.70433,-0.42262
-0.55647,-0.71188,-0.30905
-0.54643,-0.6874,-0.29978
-0.52972,-0.65605,-0.29822
-0.50782,-0.62908,-0.30512
-0.48942,-0.60213,-0.30486
-0.4847,-0.56496,-0.30105
-0.46987,-0.5349,-0.29256
-0.44495,-0.51661,-0.28038
-0.42773,-0.4968,-0.26718
-0.40864,-0.47822,-0.25532
-0.38966,-0.45461,-0.24274
-0.37005,-0.4321,-0.23295
-0.35174,-0.41099,-0.22064
-0.33215,-0.38842,-0.20747
