"Points:0","Points:1","Points:2"
0.156074,-0.885139,-0.438371
0.146052,-0.819324,-0.477473
0.130587,-0.792051,-0.461992
0.119053,-0.769664,-0.447929
0.104392,-0.761248,-0.39793
0.0946739,-0.734221,-0.383321
0.0957293,-0.703499,-0.36353
0.0552791,-0.6688,-0.374456
0.0267254,-0.638703,-0.369169
0.0142971,-0.612247,-0.360833
0.00849108,-0.580975,-0.350462
0.00209426,-0.54934,-0.340994
-0.00217213,-0.519945,-0.331061
0.000399409,-0.496629,-0.310864
0.00954536,-0.471389,-0.281929
