"Points:0","Points:1","Points:2"
-0.80788,-0.50286,-0.30736
-0.76245,-0.46429,-0.35102
-0.72149,-0.42952,-0.39039
-0.68487,-0.41763,-0.39961
-0.64892,-0.41167,-0.3939
-0.62926,-0.40358,-0.36715
-0.60317,-0.39549,-0.34258
-0.59316,-0.39394,-0.28164
-0.56664,-0.39813,-0.25839
-0.53405,-0.40182,-0.23172
-0.50661,-0.3917,-0.22414
-0.47572,-0.3803,-0.2156
-0.4457,-0.36922,-0.20731
-0.42237,-0.34961,-0.197
-0.3981,-0.32922,-0.18628
