"Points:0","Points:1","Points:2"
0.773533,-0.15036,-0.615661
0.698369,-0.154744,-0.614427
0.588651,-0.0945059,-0.592484
0.399984,-0.0117647,-0.380392
