"Points:0","Points:1","Points:2"
0.824496,0.55613,0.104528
0.709586,0.472068,-0.00444083
0.63929,0.33292,-0.145315
0.483879,0.105882,-0.247059
