"Points:0","Points:1","Points:2"
0.399593,-0.137591,0.906308
0.353407,-0.0721927,0.891523
0.335663,-0.0603909,0.86568
0.371605,-0.120573,0.807505
0.348267,-0.142937,0.778819
0.336473,-0.144166,0.749523
0.332844,-0.120068,0.720594
0.323097,-0.114098,0.691107
0.31512,-0.116352,0.66019
0.305489,-0.11393,0.632129
0.282818,-0.0948088,0.609134
0.282103,-0.0746311,0.577451
0.272623,-0.0540541,0.548588
0.262966,-0.0477007,0.521382
0.25,-0.027451,0.490196
