"Points:0","Points:1","Points:2"
0.399593,-0.137591,0.906308
0.339881,-0.117715,0.866178
0.378297,-0.118507,0.79738
0.247059,-0.027451,0.501761
