"Points:0","Points:1","Points:2"
0.68842,-0.37223,0.62252
0.66599,-0.35598,0.58853
0.65087,-0.33883,0.56607
0.62942,-0.3121,0.55477
0.67031,-0.28608,0.47058
0.65442,-0.27195,0.43726
0.62534,-0.27709,0.41611
0.59754,-0.29172,0.38965
0.57642,-0.28306,0.36749
0.55531,-0.26448,0.34813
0.53392,-0.25745,0.32948
0.51931,-0.24201,0.29597
0.50125,-0.23543,0.26885
0.47496,-0.22398,0.25471
0.44491,-0.21088,0.23854
