"Points:0","Points:1","Points:2"
-0.955864,0.275169,0.0860197
-0.939647,0.187709,0.0622314
-0.909471,0.18226,0.0564753
-0.881835,0.167348,0.0521579
-0.850749,0.162844,0.0392744
-0.819592,0.168285,0.0330899
-0.787421,0.163703,0.0268124
-0.756378,0.157666,0.0216818
-0.72424,0.151908,0.0163848
-0.696919,0.123245,0.0211175
-0.665232,0.124847,0.0160623
-0.630002,0.139325,0.0233966
-0.600703,0.130918,0.0201802
-0.569388,0.121207,0.0164433
-0.531325,0.123288,-0.00195695
