"Points:0","Points:1","Points:2"
-0.293496,-0.838605,-0.455996
-0.294768,-0.766082,-0.492291
-0.289064,-0.745144,-0.466579
-0.287023,-0.721979,-0.443378
-0.286481,-0.698833,-0.417265
-0.279965,-0.677658,-0.392164
-0.267895,-0.66891,-0.355969
-0.266021,-0.649054,-0.314279
-0.258759,-0.628099,-0.287851
-0.252755,-0.603433,-0.267443
-0.248904,-0.589257,-0.223922
-0.233236,-0.568891,-0.203794
-0.225632,-0.54265,-0.174229
-0.205269,-0.516845,-0.170815
-0.181264,-0.486425,-0.166792
