"Points:0","Points:1","Points:2"
-0.67255,-0.55936,-0.48456
-0.68489,-0.49948,-0.44268
-0.66327,-0.4757,-0.43776
-0.60968,-0.54631,-0.39493
-0.57476,-0.52925,-0.38066
-0.54936,-0.50856,-0.36617
-0.52369,-0.50336,-0.34854
-0.49874,-0.47944,-0.33379
-0.48529,-0.45986,-0.31676
-0.46012,-0.46531,-0.27245
-0.4794,-0.39427,-0.27414
-0.47116,-0.35782,-0.26307
-0.44767,-0.33921,-0.2483
-0.42534,-0.32185,-0.23521
-0.40088,-0.30485,-0.22254
