"Points:0","Points:1","Points:2"
-0.72949,-0.65684,-0.19081
-0.68489,-0.63831,-0.19052
-0.65566,-0.62886,-0.18361
-0.62294,-0.61635,-0.18824
-0.62452,-0.57513,-0.17233
-0.62347,-0.52468,-0.17855
-0.63261,-0.45507,-0.1962
-0.63017,-0.39605,-0.20697
-0.61438,-0.35565,-0.2119
-0.58911,-0.33681,-0.20176
-0.56441,-0.32506,-0.19428
-0.53696,-0.31137,-0.18297
-0.50862,-0.29484,-0.17202
-0.48526,-0.28107,-0.16574
-0.4528,-0.26192,-0.15701
