"Points:0","Points:1","Points:2"
-0.57036,-0.70433,-0.42262
-0.54447,-0.68046,-0.39411
-0.51982,-0.67171,-0.37565
-0.51062,-0.64375,-0.36719
-0.508,-0.60473,-0.36072
-0.49197,-0.57915,-0.34481
-0.4784,-0.55285,-0.32703
-0.44585,-0.54742,-0.3078
-0.42983,-0.5236,-0.29824
-0.39492,-0.52815,-0.2666
-0.35919,-0.52648,-0.23854
-0.33698,-0.50777,-0.21918
-0.31349,-0.48263,-0.21466
-0.29737,-0.45826,-0.20388
-0.28102,-0.43354,-0.19293
