"Points:0","Points:1","Points:2"
0.94178,-0.16606,-0.29237
0.91462,-0.1046,-0.27042
0.88538,-0.11609,-0.2541
0.86058,-0.1082,-0.2402
0.82998,-0.055298,-0.23491
0.80215,-0.028013,-0.22898
0.77436,-0.013955,-0.20872
0.74736,-0.00084673,-0.19297
0.71903,0.00302,-0.18238
0.68706,0.0019357,-0.17396
0.65698,0.00091572,-0.16604
0.62568,-0.00042155,-0.15704
0.5967,-0.001326,-0.14962
0.56351,-0.0019706,-0.14185
0.53343,-0.00304,-0.13507
