"Points:0","Points:1","Points:2"
0.77157,-0.151996,-0.61516
0.765367,-0.23418,-0.515869
0.748166,-0.212842,-0.500042
0.720242,-0.203552,-0.486569
0.707818,-0.117797,-0.486064
0.678422,-0.0978596,-0.474001
0.661764,-0.0982231,-0.441125
0.660878,-0.124625,-0.37227
0.635249,-0.135433,-0.346807
0.61859,-0.130749,-0.319717
0.600013,-0.124318,-0.292458
0.579312,-0.113731,-0.264987
0.560603,-0.108342,-0.231354
0.543316,-0.119491,-0.174014
0.514337,-0.10144,-0.150184
