"Points:0","Points:1","Points:2"
0.836628,0.058503,-0.544639
0.761149,0.0883693,-0.570553
0.714788,0.144429,-0.577061
0.670015,0.14591,-0.577163
0.630277,0.19619,-0.581428
